{"cameraMode":{"drawMode":0,"name":"Shaded","section":"Shading Mode"},"sceneLighting":true,"audioPlay":false,"sceneViewState":{"showFog":true,"showMaterialUpdate":true,"showSkybox":true,"showFlares":true,"showImageEffects":true,"showParticleSystems":true},"in2DMode":false,"pivot":{"x":318.3314208984375,"y":-27.224868774414064,"z":-8.40345573425293},"rotation":{"x":0.05219351127743721,"y":0.704551637172699,"z":-0.05209485813975334,"w":0.7058265805244446},"size":243.20993041992188,"orthographic":false}